UserName,Password,FirstName,LastName,Email,Phone
bruce,12345,Bruce,Marks,email@gmail.com,2067384756
kevin,12345,Kevin,Marks,email@gmail.com,2067384756
foo,12345,Foo,Marks,email@gmail.com,2067384756
bar,12345,Bar,Marks,email@gmail.com,2067384756
faz,12345,Faz,Marks,email@gmail.com,2067384756
daz,12345,Daz,Marks,email@gmail.com,2067384756
gez,12345,Gez,Marks,email@gmail.com,2067384756
bob,12345,Bob,Marks,email@gmail.com,2067384756
james,12345,James,Marks,email@gmail.com,2067384756
danny,12345,Danny,Marks,email@gmail.com,2067384756
cody,12345,Cody,Marks,email@gmail.com,2067384756
kyle,12345,Kyle,Marks,email@gmail.com,2067384756
marcus,12345,Marcus,Marks,email@gmail.com,2067384756
gordan,12345,Gordan,Marks,email@gmail.com,2067384756
smash,12345,Smash,Marks,email@gmail.com,2067384756
nina,12345,Nina,Marks,email@gmail.com,2067384756
lisa,12345,Lisa,Marks,email@gmail.com,2067384756
fiona,12345,Fiona,Marks,email@gmail.com,2067384756
lizz,12345,Lizz,Marks,email@gmail.com,2067384756
tom,12345,Tom,Marks,email@gmail.com,2067384756